<?xml version="1.0"?>
<metacity_theme>
<info>
  <name>simp-blue</name>
  <author>Catalin Barbuta</author>
  <copyright>GPL</copyright>
  <date>July 2016</date>
  <description>This is a great description.</description>
</info>

<!-- ::: GEOMETRY ::: -->
<frame_geometry name="normal" rounded_top_left="true" rounded_top_right="true" rounded_bottom_left="false" rounded_bottom_right="false">
	<distance name="left_width" value="2"/>
	<distance name="right_width" value="2"/>
	<distance name="bottom_height" value="2"/>
	<distance name="left_titlebar_edge" value="0"/>
	<distance name="right_titlebar_edge" value="6"/>
	<distance name="button_width" value="25"/>
	<distance name="button_height" value="23"/>
	<distance name="title_vertical_pad" value="1"/>
	<border name="title_border" left="2" right="2" top="0" bottom="13"/>
	<border name="button_border" left="0" right="0" top="0" bottom="4"/>
</frame_geometry>

<frame_geometry name="shaded" parent="normal" rounded_top_left="true" rounded_top_right="true" rounded_bottom_left="false" rounded_bottom_right="false"/>

<frame_geometry name="normal_maximized" parent="normal" rounded_top_left="false" rounded_top_right="false" rounded_bottom_left="false" rounded_bottom_right="false">
	<!-- strip frame spacing off the normal geometry when maximised -->
	<distance name="left_width" value="0"/>
	<distance name="right_width" value="0"/>
	<distance name="bottom_height" value="1"/>
	<distance name="left_titlebar_edge" value="0"/>
	<distance name="right_titlebar_edge" value="6"/>
</frame_geometry>

<frame_geometry name="utility" title_scale="small" rounded_top_left="false" rounded_top_right="false" rounded_bottom_left="false" rounded_bottom_right="false">
	<distance name="left_width" value="2"/>
	<distance name="right_width" value="2"/>
	<distance name="bottom_height" value="2"/>
	<distance name="left_titlebar_edge" value="3"/>
	<distance name="right_titlebar_edge" value="3"/>
	<distance name="title_vertical_pad" value="0"/>
	<border name="title_border" left="2" right="2" top="1" bottom="3"/>
	<border name="button_border" left="0" right="0" top="0" bottom="4"/>
	<aspect_ratio name="button" value="1"/>
</frame_geometry>

<frame_geometry name="border" has_title="false">
	<distance name="left_width" value="2"/>
	<distance name="right_width" value="2"/>
	<distance name="bottom_height" value="2"/>
	<distance name="left_titlebar_edge" value="0"/>
	<distance name="right_titlebar_edge" value="0"/>
	<distance name="button_width" value="0"/>
	<distance name="button_height" value="0"/>
	<distance name="title_vertical_pad" value="4"/>
	<border name="title_border" left="0" right="0" top="0" bottom="0"/>
	<border name="button_border" left="0" right="0" top="0" bottom="0"/>
</frame_geometry>

<!-- button minimum size -->
<constant name="Bmin" value="7"/>
<!-- button inside padding -->
<constant name="Bpad" value="0"/>

<!-- ::: CORNERS OUTLINE::: -->
<draw_ops name="corners_outline">
        <line color="#0088FF" x1="0" y1="1" x2="width" y2="1"/>

</draw_ops>

<!-- ::: BORDER OUTLINE ::: -->
<draw_ops name="border">
	<line color="#0088FF" x1="0" y1="0" x2="width" y2="0"/>
	<line color="#0088FF" x1="0" y1="0" x2="width" y2="0"/>
	<line color="#0088FF" x1="0" y1="0" x2="0" y2="height"/>
	<line color="#0088FF" x1="width-1" y1="0" x2="width-1" y2="height"/>
	<line color="#0088FF" x1="0" y1="height-1" x2="width" y2="height-1"/>
</draw_ops>

<draw_ops name="maxed_border">
	<line color="#0088FF" x1="0" y1="0" x2="width" y2="0"/>
	<line color="#0088FF" x1="0" y1="height-1" x2="width" y2="height-1"/>
</draw_ops>

<!-- ::: TITLEBAR ::: -->

<draw_ops name="titlebar_gradient">
	<gradient type="vertical" x="0" y="0" width="width" height="33">
		<color value="#2376dd"/>
		<color value="#033f9e"/>
	</gradient>
</draw_ops>

<draw_ops name="titlebar_maximized">
	<include name="titlebar_gradient"/>
	<include name="maxed_border"/>
</draw_ops>

<draw_ops name="round_titlebar">
	<include name="titlebar_gradient"/>
	<include name="border"/>
	<include name="corners_outline"/>
</draw_ops>

<draw_ops name="titlebar_shaded">
	<include name="border"/>
	<line color="shade/gtk:bg[NORMAL]/0.66" x1="0" y1="height-1" x2="width" y2="height-1"/>
</draw_ops>

<draw_ops name="round_titlebar_shaded">
	<include name="border"/>
	<include name="corners_outline"/>
	<line color="shade/gtk:bg[NORMAL]/0.66" x1="5" y1="height-1" x2="width-6" y2="height-1"/>
</draw_ops>

<!-- ::: TITLES ::: -->
<draw_ops name="title">
	<image filename="title_center.png"
		x="(width-title_width) / 2 +13"
		y="0"
		width="title_width + 10"
		height="object_height"/>
	<image filename="title_left.png"
		x="(width-title_width) / 2 - object_width + 13"
		y="0"
		width="object_width"
		height="object_height"/>
	<image filename="title_right.png"
		x="(width+title_width) / 2 + 22"
		y="0"
		width="object_width"
		height="object_height"/>
	<title color="#ffffff" x="(width-title_width) / 2 + mini_icon_width + 2" y="3"/>
	<icon x="(0 `max` (width-title_width-mini_icon_width-5)) / 2" y="3" width="mini_icon_width" height="mini_icon_height"/>
</draw_ops>

<draw_ops name="title_unfocused">
<image filename="title_center.png"
		x="(width-title_width) / 2 +13"
		y="0"
		width="title_width + 10"
		height="object_height"/>
	<image filename="title_left.png"
		x="(width-title_width) / 2 - object_width + 13"
		y="0"
		width="object_width"
		height="object_height"/>
	<image filename="title_right.png"
		x="(width+title_width) / 2 + 22"
		y="0"
		width="object_width"
		height="object_height"/>
	<title color="#aaaaaa" x="(width-title_width) / 2 + mini_icon_width + 5" y="2"/>
        <icon alpha="0.8" x="(0 `max` (width-title_width-mini_icon_width-5)) / 2" y="3" width="mini_icon_width" height="mini_icon_height"/>
</draw_ops>

<!-- menu icon -->

<draw_ops name="menu_button_normal">
	<image filename="menu-focus-normal.svg"
		x="0"
		y="0"
		width="object_width"
		height="object_height"/>
</draw_ops>
<draw_ops name="menu_button_prelight">
	<image filename="menu-focus.svg"
		x="0"
		y="0"
		width="object_width"
		height="object_height"/>
</draw_ops>
<draw_ops name="menu_button_pressed">
	<image filename="menu-pressed.svg"
		x="0"
		y="0"
		width="object_width"
		height="object_height"
		colorize="shade/gtk:bg[SELECTED]/0.85"/>
</draw_ops>
<draw_ops name="menu_button_unfocused">
	<image filename="menu-focus-none.svg"
		x="0"
		y="0"
		width="object_width"
		height="object_height"/>
</draw_ops>


<!-- close icon -->

<draw_ops name="close_button_normal">
	<image filename="button-close-active.png"
		x="0"
		y="0"
		width="object_width"
		height="object_height"/>
</draw_ops>

<draw_ops name="close_button_prelight">
	<image filename="button-close-hover.png"
		x="0"
		y="0"
		width="object_width"
		height="object_height"/>
</draw_ops>

<draw_ops name="close_button_pressed">
	<image filename="button-close-pressed.png"
		x="0"
		y="0"
		width="object_width"
		height="object_height"/>
</draw_ops>

<draw_ops name="close_button_unfocused">
	<image filename="button-close-inactive.png"
		x="0"
		y="0"
		width="object_width"
		height="object_height"/>
</draw_ops>

<!-- maximize icon -->

<draw_ops name="maximize_button_normal">
	<image filename="button-maximize-active.png"
		x="0"
		y="0"
		width="object_width"
		height="object_height"/>
</draw_ops>

<draw_ops name="maximize_button_prelight">
	 <image filename="button-maximize-hover.png"
		x="0"
		y="0"
		width="object_width"
		height="object_height"/>
</draw_ops>

<draw_ops name="maximize_button_pressed">
	<image filename="button-maximize-pressed.png"
		x="0"
		y="0"
		width="object_width"
		height="object_height"
		colorize="shade/gtk:bg[SELECTED]/0.85"/>
</draw_ops>

<draw_ops name="maximize_button_unfocused">
	<image filename="button-maximize-inactive.png"
		x="0"
		y="0"
		width="object_width"
		height="object_height"/>
</draw_ops>

<draw_ops name="unmaximize_button_focused">
	<image filename="button-unmaximize-active.png" alpha="0.9" x="0" y="0" width="width `min` object_width" height="height `min` object_height"/>
</draw_ops>
<draw_ops name="unmaximize_button_unfocused">
	<image filename="button-unmaximize-inactive.png" alpha="0.9" x="0" y="0" width="width `min` object_width" height="height `min` object_height"/>
</draw_ops>
<draw_ops name="unmaximize_button_pressed">
	<image filename="button-unmaximize-pressed.png" alpha="0.9" x="0" y="0" width="width `min` object_width" height="height `min` object_height"/>
</draw_ops>
<draw_ops name="unmaximize_button_prelight">
	<image filename="button-unmaximize-hover.png" alpha="0.9" x="0" y="0" width="width `min` object_width" height="height `min` object_height"/>
</draw_ops>

<!-- minimize icon -->

<draw_ops name="minimize_button_normal">
	<image filename="button-minimize-active.png"
		x="0"
		y="0"
		width="object_width"
		height="object_height"/>
</draw_ops>

<draw_ops name="minimize_button_prelight">
	<image filename="button-minimize-hover.png"
		x="0"
		y="0"
		width="object_width"
		height="object_height"/>
</draw_ops>

<draw_ops name="minimize_button_pressed">
	<image filename="button-minimize-pressed.png"
		x="0"
		y="0"
		width="object_width"
		height="object_height"
		colorize="shade/gtk:bg[SELECTED]/0.85"/>
</draw_ops>

<draw_ops name="minimize_button_unfocused">
	<image filename="button-minimize-inactive.png"
		x="0"
		y="0"
		width="object_width"
		height="object_height"/>
</draw_ops>

<draw_ops name="blank">
<!-- nothing -->
</draw_ops>

<!-- ::: FRAME STYLES ::: -->
<frame_style name="normal" geometry="normal">
	<piece position="entire_background" draw_ops="round_titlebar"/>
	<piece position="title" draw_ops="title_unfocused"/>
	<button function="close" state="normal" draw_ops="close_button_unfocused"/>
	<button function="close" state="pressed" draw_ops="close_button_pressed"/>
	<button function="close" state="prelight" draw_ops="close_button_prelight"/>
	<button function="maximize" state="normal" draw_ops="maximize_button_unfocused"/>
	<button function="maximize" state="pressed" draw_ops="maximize_button_pressed"/>
	<button function="maximize" state="prelight" draw_ops="maximize_button_prelight"/>
	<button function="minimize" state="normal" draw_ops="minimize_button_unfocused"/>
	<button function="minimize" state="pressed" draw_ops="minimize_button_pressed"/>
	<button function="minimize" state="prelight" draw_ops="minimize_button_prelight"/>
	<button function="menu" state="normal" draw_ops="menu_button_unfocused"/>
	<button function="menu" state="pressed" draw_ops="menu_button_pressed"/>
	<button function="menu" state="prelight" draw_ops="menu_button_prelight"/>
</frame_style>

<frame_style name="normal_shaded" geometry="shaded" parent="normal">
	<piece position="entire_background" draw_ops="round_titlebar"/>
</frame_style>

<frame_style name="focused" geometry="normal" parent="normal">
	<piece position="entire_background" draw_ops="round_titlebar"/>
	<piece position="title" draw_ops="title"/>
	<button function="close" state="normal" draw_ops="close_button_normal"/>
	<button function="close" state="pressed" draw_ops="close_button_pressed"/>
	<button function="close" state="prelight" draw_ops="close_button_prelight"/>
	<button function="maximize" state="normal" draw_ops="maximize_button_normal"/>
	<button function="maximize" state="pressed" draw_ops="maximize_button_pressed"/>
	<button function="maximize" state="prelight" draw_ops="maximize_button_prelight"/>
	<button function="minimize" state="normal" draw_ops="minimize_button_normal"/>
	<button function="minimize" state="pressed" draw_ops="minimize_button_pressed"/>
	<button function="minimize" state="prelight" draw_ops="minimize_button_prelight"/>
	<button function="menu" state="normal" draw_ops="menu_button_normal"/>
	<button function="menu" state="pressed" draw_ops="menu_button_pressed"/>
	<button function="menu" state="prelight" draw_ops="menu_button_prelight"/>
</frame_style>

<frame_style name="focused_shaded" geometry="shaded" parent="focused">
	<piece position="entire_background" draw_ops="round_titlebar_shaded"/>
</frame_style>

<frame_style name="normal_maximized" geometry="normal_maximized" parent="normal">
	<piece position="entire_background" draw_ops="titlebar_maximized"/>
	<button function="maximize" state="normal" draw_ops="unmaximize_button_unfocused"/>
	<button function="maximize" state="pressed" draw_ops="unmaximize_button_pressed"/>
	<button function="maximize" state="prelight" draw_ops="unmaximize_button_prelight"/>
</frame_style>

<frame_style name="focused_maximized" geometry="normal_maximized" parent="focused">
	<piece position="entire_background" draw_ops="titlebar_maximized"/>
	<button function="maximize" state="normal" draw_ops="unmaximize_button_focused"/>
	<button function="maximize" state="pressed" draw_ops="unmaximize_button_pressed"/>
	<button function="maximize" state="prelight" draw_ops="unmaximize_button_prelight"/>
</frame_style>

<frame_style name="border" geometry="border" parent="normal">
	<piece position="entire_background" draw_ops="border"/>
	<piece position="title" draw_ops="blank"/>
</frame_style>

<frame_style name="utility_normal" geometry="utility" parent="normal">
</frame_style>

<frame_style name="utility_focused" geometry="utility" parent="focused">
</frame_style>

<frame_style name="utility_focused_shaded" geometry="utility" parent="focused_shaded">
	<piece position="entire_background" draw_ops="titlebar_shaded"/>
</frame_style>

<frame_style_set name="normal">
	<frame focus="yes" state="normal" resize="both" style="focused"/>
	<frame focus="no" state="normal" resize="both" style="normal"/>
	<frame focus="yes" state="maximized" style="focused_maximized"/>
	<frame focus="no" state="maximized" style="normal_maximized"/>
	<frame focus="yes" state="shaded" style="focused_shaded"/>
	<frame focus="no" state="shaded" style="normal_shaded"/>
	<frame focus="yes" state="maximized_and_shaded" style="focused_maximized"/>
	<frame focus="no" state="maximized_and_shaded" style="normal_maximized"/>
</frame_style_set>

<frame_style_set name="utility" parent="normal">
	<frame focus="yes" state="normal" resize="both" style="utility_focused"/>
	<frame focus="no" state="normal" resize="both" style="utility_normal"/>
	<!-- this is a bunch of crack since utility windows shouldn't be maximized -->
	<frame focus="yes" state="maximized" style="focused"/>
	<frame focus="no" state="maximized" style="normal"/>
	<frame focus="yes" state="shaded" style="utility_focused_shaded"/>
	<frame focus="no" state="shaded" style="utility_normal"/>
	<frame focus="yes" state="maximized_and_shaded" style="focused_shaded"/>
	<frame focus="no" state="maximized_and_shaded" style="normal"/>
</frame_style_set>

<frame_style_set name="border">
	<frame focus="yes" state="normal" resize="both" style="border"/>
	<frame focus="no" state="normal" resize="both" style="border"/>
	<frame focus="yes" state="maximized" style="border"/>
	<frame focus="no" state="maximized" style="border"/>
	<frame focus="yes" state="shaded" style="border"/>
	<frame focus="no" state="shaded" style="border"/>
	<frame focus="yes" state="maximized_and_shaded" style="border"/>
	<frame focus="no" state="maximized_and_shaded" style="border"/>
</frame_style_set>

<window type="normal" style_set="normal"/>
<window type="dialog" style_set="normal"/>
<window type="modal_dialog" style_set="normal"/>
<window type="menu" style_set="normal"/>
<window type="utility" style_set="utility"/>
<window type="border" style_set="border"/>

<menu_icon function="close" state="normal" draw_ops="close_button_icon_unfocused"/>
<menu_icon function="maximize" state="normal" draw_ops="maximize_button_icon_unfocused"/>
<menu_icon function="unmaximize" state="normal" draw_ops="unmaximize_button_icon_unfocused"/>
<menu_icon function="minimize" state="normal" draw_ops="minimize_button_icon_unfocused"/>

</metacity_theme>



